ÇÖÇlÇ`ÇwÇhÇr ÇrÇåÇâÇç ïƒçëäîéÆÅiÇrÅïÇoÇTÇOÇOÅj,,,,
äÓèÄì˙,äÓèÄâøäz,äÓèÄâøäzÅiï™îzã‡çƒìäéëÅj,ï™îzã‡(ê≈à¯ëO),èÉéëéY(â≠â~)
2018/7/3,10038,10038,,0.01
2018/7/4,9936,9936,,0.01
2018/7/5,9942,9942,,1.05
2018/7/6,10057,10057,,1.06
2018/7/9,10121,10121,,1.62
2018/7/10,10265,10265,,1.75
2018/7/11,10288,10288,,2.27
2018/7/12,10330,10330,,2.72
2018/7/13,10475,10475,,3.15
2018/7/17,10445,10445,,3.7
2018/7/18,10541,10541,,4.3
2018/7/19,10540,10540,,5.32
2018/7/20,10486,10486,,5.72
2018/7/23,10322,10322,,6.46
2018/7/24,10371,10371,,6.88
2018/7/25,10423,10423,,7.65
2018/7/26,10462,10462,,8.23
2018/7/27,10469,10469,,8.79
2018/7/30,10398,10398,,8.97
2018/7/31,10330,10330,,9.31
2018/8/1,10458,10458,,10.09
2018/8/2,10437,10437,,10.49
2018/8/3,10497,10497,,11.44
2018/8/6,10493,10493,,11.98
2018/8/7,10539,10539,,12.49
2018/8/8,10581,10581,,13.46
2018/8/9,10526,10526,,13.66
2018/8/10,10515,10515,,15.22
2018/8/13,10409,10409,,15.88
2018/8/14,10388,10388,,16.49
2018/8/15,10514,10514,,17.36
2018/8/16,10361,10361,,17.83
2018/8/17,10473,10473,,18.71
2018/8/20,10477,10477,,19.26
2018/8/21,10439,10439,,19.53
2018/8/22,10490,10490,,20.23
2018/8/23,10540,10540,,20.61
2018/8/24,10592,10592,,21.13
2018/8/27,10627,10627,,21.57
2018/8/28,10712,10712,,22.06
2018/8/29,10715,10715,,22.91
2018/8/30,10828,10828,,23.51
2018/8/31,10714,10714,,23.74
2018/9/3,10709,10709,,24.22
2018/9/4,10718,10718,,24.79
2018/9/5,10743,10743,,24.85
2018/9/6,10688,10688,,26.04
2018/9/7,10580,10580,,26.05
2018/9/10,10598,10598,,26.64
2018/9/11,10668,10668,,27.15
2018/9/12,10720,10720,,28.17
2018/9/13,10710,10710,,28.7
2018/9/14,10834,10834,,29.6
2018/9/18,10751,10751,,29.53
2018/9/19,10855,10855,,30.12
2018/9/20,10876,10876,,31.16
2018/9/21,10984,10984,,31.96
2018/9/25,10981,10981,,32.42
2018/9/26,10959,10959,,33.6
2018/9/27,10919,10919,,34.63
2018/9/28,11016,11016,,35.82
2018/10/1,11051,11051,,36.61
2018/10/2,11097,11097,,38.38
2018/10/3,11056,11056,,39.93
2018/10/4,11143,11143,,41.01
2018/10/5,11026,11026,,41.85
2018/10/9,10849,10849,,41.95
2018/10/10,10845,10845,,43.13
2018/10/11,10420,10420,,43.17
2018/10/12,10195,10195,,43.49
2018/10/15,10324,10324,,45.37
2018/10/16,10250,10250,,47.72
2018/10/17,10520,10520,,52.29
2018/10/18,10545,10545,,53.7
2018/10/19,10362,10362,,54.46
2018/10/22,10369,10369,,55.61
2018/10/23,10351,10351,,56.3
2018/10/24,10267,10267,,57.05
2018/10/25,9911,9911,,55.59
2018/10/26,10133,10133,,57.82
2018/10/29,9916,9916,,57.84
2018/10/30,9898,9898,,58.8
2018/10/31,10121,10121,,60.83
2018/11/1,10188,10188,,62.09
2018/11/2,10303,10303,,63.78
2018/11/5,10272,10272,,64.99
2018/11/6,10330,10330,,66.17
2018/11/7,10387,10387,,67.58
2018/11/8,10652,10652,,69.75
2018/11/9,10667,10667,,71.65
2018/11/12,10561,10561,,72.14
2018/11/13,10328,10328,,70.99
2018/11/14,10339,10339,,72.25
2018/11/15,10238,10238,,72.42
2018/11/16,10349,10349,,73.96
2018/11/19,10288,10288,,74.28
2018/11/20,10112,10112,,73.53
2018/11/21,9949,9949,,72.95
2018/11/22,9996,9996,,73.74
2018/11/26,9927,9927,,74.27
2018/11/27,10124,10124,,75.74
2018/11/28,10182,10182,,76.97
2018/11/29,10402,10402,,79.63
2018/11/30,10368,10368,,79.91
2018/12/3,10468,10468,,81.08
2018/12/4,10580,10580,,82.64
2018/12/5,10173,10173,,80.99
2018/12/6,10178,10178,,80.82
2018/12/7,10151,10151,,80.61
2018/12/10,9893,9893,,79.72
2018/12/11,9964,9964,,80.9
2018/12/12,9998,9998,,82.18
2018/12/13,10041,10041,,83.48
2018/12/14,10057,10057,,84.55
2018/12/17,9854,9854,,83.64
2018/12/18,9593,9593,,82.07
2018/12/19,9566,9566,,82.99
2018/12/20,9429,9429,,82.41
2018/12/21,9183,9183,,80.95
2018/12/25,8645,8645,,77.06
2018/12/26,8693,8693,,78.45
2018/12/27,9162,9162,,82.68
2018/12/28,9231,9231,,85.73
2019/1/4,8809,8809,,83.1
2019/1/7,9184,9184,,87.72
2019/1/8,9272,9272,,91.02
2019/1/9,9354,9354,,93.15
2019/1/10,9350,9350,,93.72
2019/1/11,9416,9416,,95.62
2019/1/15,9360,9360,,95.71
2019/1/16,9463,9463,,97.96
2019/1/17,9531,9531,,99.86
2019/1/18,9641,9641,,102.11
2019/1/21,9794,9794,,103.91
2019/1/22,9796,9796,,104.83
2019/1/23,9640,9640,,103.16
2019/1/24,9665,9665,,104.03
2019/1/25,9698,9698,,105.25
2019/1/28,9744,9744,,106.25
2019/1/29,9653,9653,,106.88
2019/1/30,9660,9660,,107.69
2019/1/31,9770,9770,,109.18
2019/2/1,9854,9854,,110.52
2019/2/4,9917,9917,,111.74
2019/2/5,10029,10029,,114.86
2019/2/6,10059,10059,,116.24
2019/2/7,10047,10047,,117.42
2019/2/8,9945,9945,,116.62
2019/2/12,10026,10026,,118.43
2019/2/13,10156,10156,,120.32
2019/2/14,10227,10227,,122.06
2019/2/15,10153,10153,,121.9
2019/2/18,10274,10274,,123.61
2019/2/19,10273,10273,,124.44
2019/2/20,10309,10309,,124.88
2019/2/21,10325,10325,,125.77
2019/2/22,10296,10296,,125.72
2019/2/25,10363,10363,,126.83
2019/2/26,10398,10398,,128.15
2019/2/27,10350,10350,,128.57
2019/2/28,10372,10372,,130.11
2019/3/1,10408,10408,,131.39
2019/3/4,10526,10526,,133.74
2019/3/5,10474,10474,,135.18
2019/3/6,10447,10447,,135.91
2019/3/7,10373,10373,,135.68
2019/3/8,10282,10282,,134.93
2019/3/11,10203,10203,,134.16
2019/3/12,10401,10401,,136.61
2019/3/13,10415,10415,,137.69
2019/3/14,10488,10488,,139.75
2019/3/15,10543,10543,,140.86
2019/3/18,10562,10562,,141.51
2019/3/19,10578,10578,,142.47
2019/3/20,10608,10608,,143.5
2019/3/22,10604,10604,,144.13
2019/3/25,10326,10326,,140.97
2019/3/26,10346,10346,,141.7
2019/3/27,10450,10450,,143.37
2019/3/28,10386,10386,,143.3
2019/3/29,10484,10484,,145.57
2019/4/1,10565,10565,,147.2
2019/4/2,10721,10721,,149.65
2019/4/3,10728,10728,,152.54
2019/4/4,10754,10754,,153.15
2019/4/5,10804,10804,,154.53
2019/4/8,10818,10818,,154.66
2019/4/9,10827,10827,,155.53
2019/4/10,10743,10743,,155.4
2019/4/11,10773,10773,,156.32
2019/4/12,10840,10840,,158.18
2019/4/15,10934,10934,,160.53
2019/4/16,10925,10925,,161.56
2019/4/17,10944,10944,,163.59
2019/4/18,10910,10910,,164.91
2019/4/19,10925,10925,,165.83
2019/4/22,10923,10923,,166.22
2019/4/23,10922,10922,,166.2
2019/4/24,11027,11027,,169.38
2019/4/25,11035,11035,0,170.1
2019/4/26,10989,10989,,169.95
2019/5/7,10900,10900,,167.6
2019/5/8,10675,10675,,164.76
2019/5/9,10640,10640,,168.7
2019/5/10,10595,10595,,170.39
2019/5/13,10626,10626,,171.62
2019/5/14,10340,10340,,167.61
2019/5/15,10443,10443,,170.81
2019/5/16,10495,10495,,172.87
2019/5/17,10638,10638,,177.08
2019/5/20,10593,10593,,177.41
2019/5/21,10522,10522,,177.49
2019/5/22,10646,10646,,180.91
2019/5/23,10591,10591,,180.87
2019/5/24,10416,10416,,179.84
2019/5/27,10408,10408,,182.21
2019/5/28,10415,10415,,183.59
2019/5/29,10300,10300,,181.56
2019/5/30,10260,10260,,183.1
2019/5/31,10259,10259,,184.47
2019/6/3,10031,10031,,180.72
2019/6/4,9966,9966,,180.2
2019/6/5,10198,10198,,186.84
2019/6/6,10308,10308,,190.16
2019/6/7,10385,10385,,193.2
2019/6/10,10495,10495,,196.09
2019/6/11,10543,10543,,197.93
2019/6/12,10548,10548,,199.06
2019/6/13,10519,10519,,199.35
2019/6/14,10557,10557,,200.6
2019/6/17,10563,10563,,202.14
2019/6/18,10565,10565,,202.57
2019/6/19,10662,10662,,205.84
2019/6/20,10622,10622,,205.63
2019/6/21,10684,10684,,207.71
2019/6/24,10673,10673,,208.76
2019/6/25,10641,10641,,208.39
2019/6/26,10545,10545,,208.89
2019/6/27,10570,10570,,210.43
2019/6/28,10619,10619,,212.18
2019/7/1,10725,10725,,215.8
2019/7/2,10830,10830,,218.68
2019/7/3,10785,10785,,224.97
2019/7/4,10881,10881,,227.49
2019/7/5,10891,10891,,228.35
2019/7/8,10935,10935,,229.28
2019/7/9,10916,10916,,230.26
2019/7/10,10946,10946,,232.07
2019/7/11,10914,10914,,232.31
2019/7/12,10973,10973,,235.13
2019/7/16,10968,10968,,235.69
2019/7/17,10967,10967,,237.93
2019/7/18,10847,10847,,237.69
2019/7/19,10858,10858,,238.67
2019/7/22,10833,10833,,238.43
2019/7/23,10872,10872,,240.1
2019/7/24,10962,10962,,243.57
2019/7/25,11015,11015,,245.68
2019/7/26,11010,11010,,247.1
2019/7/29,11060,11060,,249.9
2019/7/30,11088,11088,,251.23
2019/7/31,11035,11035,,250.99
2019/8/1,10978,10978,,249.91
2019/8/2,10671,10671,,243.83
2019/8/5,10514,10514,,245.36
2019/8/6,10152,10152,,235.71
2019/8/7,10316,10316,,241.51
2019/8/8,10319,10319,,245.07
2019/8/9,10506,10506,,253.5
2019/8/13,10257,10257,,250.22
2019/8/14,10503,10503,,258.2
2019/8/15,10166,10166,,252.79
2019/8/16,10203,10203,,254.89
2019/8/19,10377,10377,,262.9
2019/8/20,10526,10526,,269.37
2019/8/21,10415,10415,,268.64
2019/8/22,10528,10528,,272.93
2019/8/23,10525,10525,,273.84
2019/8/26,10102,10102,,263.23
2019/8/27,10286,10286,,268.72
2019/8/28,10243,10243,,271.12
2019/8/29,10340,10340,,274.99
2019/8/30,10515,10515,,280.69
2019/9/2,10491,10491,,280.7
2019/9/3,10510,10510,,282.14
2019/9/4,10399,10399,,279.16
2019/9/5,10561,10561,,289.24
2019/9/6,10765,10765,,295.44
2019/9/9,10764,10764,,295.74
2019/9/10,10814,10814,,296.01
2019/9/11,10838,10838,,297.07
2019/9/12,10960,10960,,301.15
2019/9/13,11010,11010,,302.89
2019/9/17,10965,10965,,302.23
2019/9/18,10994,10994,,303.26
2019/9/19,11020,11020,,304.33
2019/9/20,10983,10983,,303.88
2019/9/24,10891,10891,,301.64
2019/9/25,10743,10743,,298.09
2019/9/26,10871,10871,,302.13
2019/9/27,10856,10856,,302.74
2019/9/30,10808,10808,,302.04
2019/10/1,10890,10890,,304.92
2019/10/2,10709,10709,,300.58
2019/10/3,10456,10456,,298.66
2019/10/4,10520,10520,,301.87
2019/10/7,10657,10657,,306.96
2019/10/8,10674,10674,,309.03
2019/10/9,10482,10482,,305.2
2019/10/10,10605,10605,,309.57
2019/10/11,10749,10749,,314.55
2019/10/15,10880,10880,,319.79
2019/10/16,11021,11021,,324.57
2019/10/17,11000,11000,,325.32
2019/10/18,11028,11028,,327.35
2019/10/21,10966,10966,,325.07
2019/10/23,10991,10991,,326.08
2019/10/24,11050,11050,,329.05
2019/10/25,11076,11076,,330.1
2019/10/28,11128,11128,,332.16
2019/10/29,11210,11210,,335.04
2019/10/30,11188,11188,,334.47
2019/10/31,11227,11227,,335.13
2019/11/1,11106,11106,,331.76
2019/11/5,11334,11334,,338.88
2019/11/6,11351,11351,,344.86
2019/11/7,11344,11344,,345.99
2019/11/8,11427,11427,,348.89
2019/11/11,11434,11434,,349.48
2019/11/12,11413,11413,,349.84
2019/11/13,11406,11406,,351.35
2019/11/14,11402,11402,,352.29
2019/11/15,11394,11394,,353.14
2019/11/18,11504,11504,,357.82
2019/11/19,11481,11481,,360.47
2019/11/20,11481,11481,,363.33
2019/11/21,11420,11420,,363.65
2019/11/22,11431,11431,,365.21
2019/11/25,11469,11469,,366.08
2019/11/26,11582,11582,,370.52
2019/11/27,11617,11617,,374.27
2019/11/28,11693,11693,,378.02
2019/11/29,11711,11711,,379.32
2019/12/2,11680,11680,,378.3
2019/12/3,11524,11524,,375.01
2019/12/4,11386,11386,,379.05
2019/12/5,11494,11494,,384.06
2019/12/6,11504,11504,,385.72
2019/12/9,11587,11587,,390.78
2019/12/10,11558,11558,,391.79
2019/12/11,11558,11558,,395.01
2019/12/12,11565,11565,,397.49
2019/12/13,11776,11776,,407.45
2019/12/16,11765,11765,,408.88
2019/12/17,11863,11863,,415.97
2019/12/18,11865,11865,,419.83
2019/12/19,11881,11881,,422.89
2019/12/20,11902,11902,,424.74
2019/12/23,11961,11961,,426.52
2019/12/24,11976,11976,,429.85
2019/12/25,11961,11961,,433.92
2019/12/26,11986,11986,,437.38
2019/12/27,12060,12060,,440.06
2019/12/30,12047,12047,,443.87
2020/1/6,11873,11873,,439.28
2020/1/7,11951,11951,,444.81
2020/1/8,11851,11851,,451.14
2020/1/9,12066,12066,,463.58
2020/1/10,12185,12185,,469.6
2020/1/14,12300,12300,,477.82
2020/1/15,12260,12260,,479.89
2020/1/16,12283,12283,,488.23
2020/1/17,12428,12428,,497.15
2020/1/20,12460,12460,,501.74
2020/1/21,12465,12465,,505.46
2020/1/22,12395,12395,,502.62
2020/1/23,12378,12378,,515.04
2020/1/24,12378,12378,,520.42
2020/1/27,12208,12208,,514.67
2020/1/28,11994,11994,,508.56
2020/1/29,12139,12139,,518.31
2020/1/30,12121,12121,,520.32
2020/1/31,12168,12168,,527.37
2020/2/3,11892,11892,,518.11
2020/2/4,11988,11988,,525.48
2020/2/5,12263,12263,,552.48
2020/2/6,12446,12446,,564.38
2020/2/7,12496,12496,,571.64
2020/2/10,12402,12402,,568.7
2020/2/12,12536,12536,,576.39
2020/2/13,12625,12625,,583.75
2020/2/14,12606,12606,,587.5
2020/2/17,12620,12620,,590.42
2020/2/18,12627,12627,,597.11
2020/2/19,12600,12600,,595.81
2020/2/20,12815,12815,,613.06
2020/2/21,12861,12861,,618.21
2020/2/25,12171,12171,,589.23
2020/2/26,11740,11740,,571.52
2020/2/27,11695,11695,,583.66
2020/2/28,11089,11089,,565.52
2020/3/2,10825,10825,,559.98
2020/3/3,11380,11380,,595.74
2020/3/4,10973,10973,,601
2020/3/5,11452,11452,,644.18
2020/3/6,10936,10936,,624.41
2020/3/9,10319,10319,,598.31
2020/3/10,9657,9657,,566.29
2020/3/11,10287,10287,,609.72
2020/3/12,9762,9762,,587.29
2020/3/13,8885,8885,,542.2
2020/3/16,9869,9869,,608.07
2020/3/17,8671,8671,,540.58
2020/3/18,9242,9242,,589.4
2020/3/19,8904,8904,,576.31
2020/3/23,8700,8700,,572.49
2020/3/24,8432,8432,,560.84
2020/3/25,9267,9267,,626.04
2020/3/26,9342,9342,,640.06
2020/3/27,9759,9759,,683.59
2020/3/30,9321,9321,,659.69
2020/3/31,9738,9738,,694.62
2020/4/1,9474,9474,,678.33
2020/4/2,9048,9048,,652.43
2020/4/3,9310,9310,,691.52
2020/4/6,9243,9243,,689.55
2020/4/7,9902,9902,,742.37
2020/4/8,9848,9848,,743.58
2020/4/9,10223,10223,,776.94
2020/4/10,10329,10329,,790.51
2020/4/13,10293,10293,,794.03
2020/4/14,10134,10134,,781.76
2020/4/15,10401,10401,,816.25
2020/4/16,10221,10221,,809.25
2020/4/17,10303,10303,,821.9
2020/4/20,10575,10575,,847.4
2020/4/21,10376,10376,,835.29
2020/4/22,10065,10065,,818.79
2020/4/23,10292,10292,,839.23
2020/4/24,10277,10277,,838.37
2020/4/27,10409,10409,0,851.8
2020/4/28,10532,10532,,863.54
2020/4/30,10714,10714,,883.49
2020/5/1,10655,10655,,881.79
2020/5/7,10324,10324,,859.85
2020/5/8,10456,10456,,894.13
2020/5/11,10693,10693,,922.27
2020/5/12,10751,10751,,932.31
2020/5/13,10494,10494,,916.9
2020/5/14,10288,10288,,902.19
2020/5/15,10461,10461,,920.48
2020/5/18,10477,10477,,924.8
2020/5/19,10826,10826,,959.81
2020/5/20,10776,10776,,958.62
2020/5/21,10934,10934,,974.47
2020/5/22,10848,10848,,974.52
2020/5/25,10867,10867,,979.02
2020/5/26,10879,10879,,983.02
2020/5/27,10987,10987,,992.73
2020/5/28,11191,11191,,1020.99
2020/5/29,11130,11130,,1018.96
2020/6/1,11205,11205,,1029.75
2020/6/2,11231,11231,,1034.2
2020/6/3,11443,11443,,1080.71
2020/6/4,11617,11617,,1100.2
2020/6/5,11603,11603,,1101.57
2020/6/8,11948,11948,,1136.27
2020/6/9,11938,11938,,1138.09
2020/6/10,11814,11814,,1133.7
2020/6/11,11666,11666,,1120.79
2020/6/12,10949,10949,,1054.17
2020/6/15,11151,11151,,1072.2
2020/6/16,11252,11252,,1085.69
2020/6/17,11469,11469,,1113.87
2020/6/18,11367,11367,,1109.11
2020/6/19,11391,11391,,1115.73
2020/6/22,11306,11306,,1110.18
2020/6/23,11404,11404,,1122.53
2020/6/24,11406,11406,,1126.58
2020/6/25,11169,11169,,1105.02
2020/6/26,11296,11296,,1119.7
2020/6/29,11037,11037,,1098.86
2020/6/30,11252,11252,,1123.4
2020/7/1,11465,11465,,1146.4
2020/7/2,11456,11456,,1149.34
2020/7/3,11516,11516,,1185.66
2020/7/6,11528,11528,,1186.25
2020/7/7,11672,11672,,1201.11
2020/7/8,11588,11588,,1197.92
2020/7/9,11637,11637,,1205.03
2020/7/10,11555,11555,,1200.31
2020/7/13,11645,11645,,1211.05
2020/7/14,11582,11582,,1207.64
2020/7/15,11740,11740,,1230.45
2020/7/16,11813,11813,,1238.59
2020/7/17,11803,11803,,1245.43
2020/7/20,11865,11865,,1253.72
2020/7/21,11936,11936,,1263.69
2020/7/22,11916,11916,,1267.5
2020/7/27,11646,11646,,1241.55
2020/7/28,11680,11680,,1248.98
2020/7/29,11582,11582,,1247.43
2020/7/30,11721,11721,,1266.91
2020/7/31,11626,11626,,1258.4
2020/8/3,11886,11886,,1289.36
2020/8/4,11971,11971,,1300.67
2020/8/5,11956,11956,,1336.74
2020/8/6,12020,12020,,1345.95
2020/8/7,12108,12108,,1359.06
2020/8/11,12218,12218,,1371.82
2020/8/12,12166,12166,,1368.84
2020/8/13,12354,12354,,1395.5
2020/8/14,12363,12363,,1399.84
2020/8/17,12311,12311,,1399.51
2020/8/18,12261,12261,,1401.57
2020/8/19,12218,12218,,1405.82
2020/8/20,12270,12270,,1416.52
2020/8/21,12263,12263,,1419.53
2020/8/24,12318,12318,,1430.86
2020/8/25,12468,12468,,1452.61
2020/8/26,12566,12566,,1470.94
2020/8/27,12631,12631,,1483.17
2020/8/28,12740,12740,,1499.61
2020/8/31,12669,12669,,1494.81
2020/9/1,12707,12707,,1504.5
2020/9/2,12819,12819,,1526.78
2020/9/3,13043,13043,,1601.73
2020/9/4,12579,12579,,1549.14
2020/9/7,12498,12498,,1543.66
2020/9/8,12492,12492,,1548.5
2020/9/9,12111,12111,,1501.32
2020/9/10,12382,12382,,1548.11
2020/9/11,12158,12158,,1525.14
2020/9/14,12166,12166,,1534.33
2020/9/15,12274,12274,,1551.65
2020/9/16,12297,12297,,1568.09
2020/9/17,12205,12205,,1565.36
2020/9/18,12076,12076,,1553.56
2020/9/23,11960,11960,,1544.13
2020/9/24,11713,11713,,1514.99
2020/9/25,11761,11761,,1532.46
2020/9/28,11927,11927,,1559.78
2020/9/29,12117,12117,,1590.23
2020/9/30,12113,12113,,1597.65
2020/10/1,12182,12182,,1610.94
2020/10/2,12249,12249,,1624.03
2020/10/5,12135,12135,,1659.14
2020/10/6,12361,12361,,1694.61
2020/10/7,12192,12192,,1675.03
2020/10/8,12449,12449,,1712.87
2020/10/9,12542,12542,,1728.62
2020/10/12,12615,12615,,1741.17
2020/10/13,12787,12787,,1765.73
2020/10/14,12713,12713,,1762.9
2020/10/15,12610,12610,,1747.59
2020/10/16,12602,12602,,1747.18
2020/10/19,12608,12608,,1758.58
2020/10/20,12427,12427,,1737.93
2020/10/21,12463,12463,,1748.08
2020/10/22,12346,12346,,1735.48
2020/10/23,12419,12419,,1748.03
2020/10/26,12459,12459,,1757.93
2020/10/27,12242,12242,,1731.59
2020/10/28,12163,12163,,1729.57
2020/10/29,11728,11728,,1675.2
2020/10/30,11892,11892,,1706.95
2020/11/2,11767,11767,,1697.74
2020/11/4,12099,12099,,1755.98
2020/11/5,12336,12336,,1861.04
2020/11/6,12507,12507,,1900.61
2020/11/9,12462,12462,,1899.66
2020/11/10,12835,12835,,1958.17
2020/11/11,12812,12812,,1959.97
2020/11/12,12943,12943,,1983.19
2020/11/13,12764,12764,,1951.12
2020/11/16,12902,12902,,1973.58
2020/11/17,13025,13025,,1999.18
2020/11/18,12916,12916,,1989.15
2020/11/19,12742,12742,,1965.12
2020/11/20,12794,12794,,1978.32
2020/11/24,12866,12866,,1992.92
2020/11/25,13063,13063,,2028.59
2020/11/26,13023,13023,,2031.22
2020/11/27,13000,13000,,2032.59
2020/11/30,13000,13000,,2032.58
2020/12/1,12989,12989,,2038.18
2020/12/2,13145,13145,,2071.53
2020/12/3,13188,13188,,2143.39
2020/12/4,13098,13098,,2135.32
2020/12/7,13246,13246,,2162.6
2020/12/8,13222,13222,,2163.5
2020/12/9,13268,13268,,2180.82
2020/12/10,13178,13178,,2170.3
2020/12/11,13128,13128,,2166.08
2020/12/14,13115,13115,,2172.79
2020/12/15,13070,13070,,2171.12
2020/12/16,13189,13189,,2202.24
2020/12/17,13176,13176,,2215.12
2020/12/18,13228,13228,,2228.71
2020/12/21,13210,13210,,2231.42
2020/12/22,13151,13151,,2226.67
2020/12/23,13164,13164,,2238.4
2020/12/24,13172,13172,,2242.27
2020/12/25,13200,13200,,2253.25
2020/12/28,13218,13218,,2261.94
2020/12/29,13359,13359,,2286.05
2020/12/30,13288,13288,,2289.24
2021/1/4,13339,13339,,2301.21
2021/1/5,13152,13152,,2272.22
2021/1/6,13186,13186,,2346.08
2021/1/7,13301,13301,,2373.72
2021/1/8,13613,13613,,2434.5
2021/1/12,13650,13650,,2446.41
2021/1/13,13583,13583,,2438.77
2021/1/14,13650,13650,,2461.51
2021/1/15,13586,13586,,2456.05
2021/1/18,13486,13486,,2443.9
2021/1/19,13475,13475,,2451.88
2021/1/20,13609,13609,,2476.4
2021/1/21,13756,13756,,2525.28
2021/1/22,13751,13751,,2531.93
2021/1/25,13751,13751,,2535.02
2021/1/26,13792,13792,,2549.73
2021/1/27,13759,13759,,2558.35
2021/1/28,13482,13482,,2511.51
2021/1/29,13641,13641,,2547.77
2021/2/1,13407,13407,,2511.58
2021/2/2,13648,13648,,2560.48
2021/2/3,13854,13854,,2674.22
2021/2/4,13870,13870,,2683.68
2021/2/5,14090,14090,,2731.42
2021/2/8,14146,14146,,2744.17
2021/2/9,14202,14202,,2758.75
2021/2/10,14113,14113,,2750.16
2021/2/12,14151,14151,,2763.09
2021/2/15,14269,14269,,2795.78
2021/2/16,14319,14319,,2815.32
2021/2/17,14405,14405,,2832.14
2021/2/18,14344,14344,,2847.14
2021/2/19,14278,14278,,2841.67
2021/2/22,14223,14223,,2838.42
2021/2/24,14119,14119,,2823.83
2021/2/25,14368,14368,,2889
2021/2/26,14043,14043,,2837.73
2021/3/1,14010,14010,,2844.9
2021/3/2,14394,14394,,2930.87
2021/3/3,14266,14266,,2996.85
2021/3/4,14108,14108,,2972.21
2021/3/5,14039,14039,,2963.19
2021/3/8,14375,14375,,3040.45
2021/3/9,14399,14399,,3051.89
2021/3/10,14529,14529,,3094.4
2021/3/11,14610,14610,,3116.66
2021/3/12,14775,14775,,3161.1
2021/3/15,14855,14855,,3188.58
2021/3/16,14978,14978,,3226.58
2021/3/17,14939,14939,,3239.34
2021/3/18,14959,14959,,3246.29
2021/3/19,14757,14757,,3217.51
2021/3/22,14722,14722,,3222.94
2021/3/23,14819,14819,,3253.56
2021/3/24,14677,14677,,3242.51
2021/3/25,14630,14630,,3240.16
2021/3/26,14765,14765,,3277.54
2021/3/29,15054,15054,,3351.3
2021/3/30,15072,15072,,3365.22
2021/3/31,15142,15142,,3397.71
2021/4/1,15217,15217,,3420.53
2021/4/2,15371,15371,,3464.65
2021/4/5,15368,15368,,3567.75
2021/4/6,15542,15542,,3608.26
2021/4/7,15461,15461,,3622.76
2021/4/8,15486,15486,,3643.13
2021/4/9,15481,15481,,3656.89
2021/4/12,15663,15663,,3713.5
2021/4/13,15636,15636,,3717.78
2021/4/14,15583,15583,,3729.13
2021/4/15,15529,15529,,3728.63
2021/4/16,15675,15675,,3785.15
2021/4/19,15722,15722,,3815.33
2021/4/20,15573,15573,,3792.38
2021/4/21,15449,15449,,3786.93
2021/4/22,15589,15589,,3836.5
2021/4/23,15431,15431,,3808.05
2021/4/26,15592,15592,0,3859.03
2021/4/27,15659,15659,,3882.1
2021/4/28,15767,15767,,3928.87
2021/4/30,15861,15861,,3960.21
2021/5/6,15754,15754,,3945.19
2021/5/7,15859,15859,,3991.17
2021/5/10,15922,15922,,4153.45
2021/5/11,15789,15789,,4132.72
2021/5/12,15625,15625,,4122.4
2021/5/13,15408,15408,,4078.6
2021/5/14,15598,15598,,4138.87
2021/5/17,15805,15805,,4202.29
2021/5/18,15732,15732,,4196.43
2021/5/19,15569,15569,,4180.96
2021/5/20,15560,15560,,4187.08
2021/5/21,15675,15675,,4235.24
2021/5/24,15675,15675,,4244.26
2021/5/25,15813,15813,,4291.11
2021/5/26,15765,15765,,4292.93
2021/5/27,15854,15854,,4331.4
2021/5/28,15992,15992,,4377.56
2021/5/31,15975,15975,,4384.58
2021/6/1,15924,15924,,4379.3
2021/6/2,15951,15951,,4386.82
2021/6/3,15967,15967,,4537.5
2021/6/4,16011,16011,,4559.28
2021/6/7,16049,16049,,4575.9
2021/6/8,16018,16018,,4576.78
2021/6/9,16023,16023,,4599.45
2021/6/10,16022,16022,,4611.96
2021/6/11,16069,16069,,4636.36
2021/6/14,16152,16152,,4674.7
2021/6/15,16230,16230,,4707.32
2021/6/16,16204,16204,,4731.24
2021/6/17,16209,16209,,4752.2
2021/6/18,16135,16135,,4741.29
2021/6/21,15912,15912,,4688.5
2021/6/22,16140,16140,,4767.84
2021/6/23,16291,16291,,4826.59
2021/6/24,16320,16320,,4847.18
2021/6/25,16406,16406,,4881.75
2021/6/28,16416,16416,,4894.02
2021/6/29,16429,16429,,4911.68
2021/6/30,16444,16444,,4943.07
2021/7/1,16540,16540,,4982.54
2021/7/2,16714,16714,,5048.96
2021/7/5,16766,16766,,5217.69
2021/7/6,16722,16722,,5219.85
2021/7/7,16627,16627,,5190.17
2021/7/8,16701,16701,,5260.25
2021/7/9,16462,16462,,5202.57
2021/7/12,16686,16686,,5286.15
2021/7/13,16778,16778,,5324.58
2021/7/14,16760,16760,,5350.4
2021/7/15,16669,16669,,5333.5
2021/7/16,16612,16612,,5325.88
2021/7/19,16482,16482,,5310.24
2021/7/20,16175,16175,,5221.85
2021/7/21,16482,16482,,5332.45
2021/7/26,16908,16908,,5483.1
2021/7/27,16903,16903,,5495.03
2021/7/28,16764,16764,,5473.37
2021/7/29,16741,16741,,5469.47
2021/7/30,16777,16777,,5490.6
2021/8/2,16712,16712,,5478.03
2021/8/3,16632,16632,,5458.72
2021/8/4,16728,16728,,5648.74
2021/8/5,16741,16741,,5661.23
2021/8/6,16878,16878,,5713.54
2021/8/10,16966,16966,,5751.38
2021/8/11,17033,17033,,5780.37
2021/8/12,17026,17026,,5806.8
2021/8/13,17095,17095,,5839.77
2021/8/16,16975,16975,,5809.25
2021/8/17,16977,16977,,5832.2
2021/8/18,16907,16907,,5835.03
2021/8/19,16795,16795,,5809.88
2021/8/20,16802,16802,,5825.41
2021/8/23,16933,16933,,5885.19
2021/8/24,17067,17067,,5944.6
2021/8/25,17106,17106,,5973.39
2021/8/26,17177,17177,,6008
2021/8/27,17067,17067,,5978.11
2021/8/30,17177,17177,,6024.17
2021/8/31,17277,17277,,6068.48
2021/9/1,17301,17301,,6096.87
2021/9/2,17277,17277,,6100.74
2021/9/3,17319,17319,,6278.46
2021/9/6,17297,17297,,6281.22
2021/9/7,17289,17289,,6291.52
2021/9/8,17307,17307,,6298.22
2021/9/9,17278,17278,,6327.08
2021/9/10,17130,17130,,6299.84
2021/9/13,17029,17029,,6276.38
2021/9/14,17079,17079,,6315.13
2021/9/15,16923,16923,,6279.47
2021/9/16,17029,17029,,6348.09
2021/9/17,17065,17065,,6379.96
2021/9/21,16585,16585,,6213.27
2021/9/22,16519,16519,,6198.43
2021/9/24,17063,17063,,6417.32
2021/9/27,17141,17141,,6459.33
2021/9/28,17138,17138,,6488.05
2021/9/29,16882,16882,,6406.25
2021/9/30,16951,16951,,6441.88
2021/10/1,16677,16677,,6348.96
2021/10/4,16802,16802,,6408.75
2021/10/5,16572,16572,,6488.05
2021/10/6,16857,16857,,6611.27
2021/10/7,16891,16891,,6625.91
2021/10/8,17085,17085,,6711.51
2021/10/11,17140,17140,,6736.64
2021/10/12,17204,17204,,6796.8
2021/10/13,17161,17161,,6795.07
2021/10/14,17198,17198,,6816.59
2021/10/15,17570,17570,,6972.93
2021/10/18,17760,17760,,7068.02
2021/10/19,17808,17808,,7105.62
2021/10/20,18016,18016,,7219.35
2021/10/21,18019,18019,,7229.52
2021/10/22,18035,18035,,7257.33
2021/10/25,17966,17966,,7239.65
2021/10/26,18069,18069,,7292.25
2021/10/27,18148,18148,,7354.48
2021/10/28,18017,18017,,7317.42
2021/10/29,18163,18163,,7394.01
2021/11/1,18267,18267,,7458.05
2021/11/2,18303,18303,,7488.72
2021/11/4,18494,18494,,7764.87
2021/11/5,18515,18515,,7792.9
2021/11/8,18559,18559,,7853.21
2021/11/9,18518,18518,,7867.41
2021/11/10,18388,18388,,7894.26
2021/11/11,18418,18418,,7930.45
2021/11/12,18475,18475,,7981.95
2021/11/15,18569,18569,,8042.15
2021/11/16,18604,18604,,8075.42
2021/11/17,18785,18785,,8213.64
2021/11/18,18626,18626,,8166.98
2021/11/19,18720,18720,,8234.32
2021/11/22,18652,18652,,8228.52
2021/11/24,18806,18806,,8321.09
2021/11/25,18869,18869,,8389.9
2021/11/26,18804,18804,,8392.15
2021/11/29,18192,18192,,8119.17
2021/11/30,18432,18432,,8265.24
2021/12/1,18005,18005,,8107.93
2021/12/2,17749,17749,,8029.87
2021/12/3,18022,18022,,8358.99
2021/12/6,17867,17867,,8313.85
2021/12/7,18144,18144,,8470.4
2021/12/8,18531,18531,,8694.01
2021/12/9,18629,18629,,8773.47
2021/12/10,18441,18441,,8750.36
2021/12/13,18632,18632,,8856.23
2021/12/14,18482,18482,,8810.7
2021/12/15,18366,18366,,8789.54
2021/12/16,18733,18733,,8984.94
2021/12/17,18515,18515,,8928.5
2021/12/20,18285,18285,,8844.47
2021/12/21,18085,18085,,8766.97
2021/12/22,18490,18490,,9003.4
2021/12/23,18688,18688,,9127.55
2021/12/24,18849,18849,,9230.12
2021/12/27,18836,18836,,9240.19
2021/12/28,19185,19185,,9411.81
2021/12/29,19156,19156,,9446.45
2021/12/30,19204,19204,,9487.59
2022/1/4,19291,19291,,9539.61
2022/1/5,19408,19408,,9613.72
2022/1/6,19007,19007,,9619.63
2022/1/7,18978,18978,,9636.18
2022/1/11,18773,18773,,9545.31
2022/1/12,18944,18944,,9665.68
2022/1/13,18885,18885,,9722.94
2022/1/14,18530,18530,,9567.71
2022/1/17,18583,18583,,9615.41
2022/1/18,18618,18618,,9657.17
2022/1/19,18302,18302,,9493.07
2022/1/20,18060,18060,,9441.02
2022/1/21,17789,17789,,9307.7
2022/1/24,17456,17456,,9147.74
2022/1/25,17527,17527,,9182.48
2022/1/26,17288,17288,,9057.99
2022/1/27,17383,17383,,9115.05
2022/1/28,17415,17415,,9146.18
2022/1/31,17837,17837,,9376.31
2022/2/1,18130,18130,,9543.05
2022/2/2,18183,18183,,9602.9
2022/2/3,18315,18315,,9865.38
2022/2/4,17955,17955,,9698.19
2022/2/7,18089,18089,,9786.07
2022/2/8,18028,18028,,9766.04
2022/2/9,18220,18220,,9887.06
2022/2/10,18495,18495,,10096.95
2022/2/14,17790,17790,,9720.5
2022/2/15,17721,17721,,9701.71
2022/2/16,18046,18046,,9893.81
2022/2/17,18030,18030,,9924.27
2022/2/18,17569,17569,,9682.08
2022/2/21,17462,17462,,9634.44
2022/2/22,17421,17421,,9624.36
2022/2/24,16951,16951,,9364.67
2022/2/25,17299,17299,,9588.09
2022/2/28,17684,17684,,9805.26
2022/3/1,17601,17601,,9791.7
2022/3/2,17289,17289,,9667.95
2022/3/3,17706,17706,,10100.2
2022/3/4,17583,17583,,10051.32
2022/3/7,17384,17384,,9955.43
2022/3/8,16940,16940,,9712.94
2022/3/9,16876,16876,,9692.45
2022/3/10,17330,17330,,10025.47
2022/3/11,17304,17304,,10019.36
2022/3/14,17269,17269,,10019.8
2022/3/15,17238,17238,,10015.46
2022/3/16,17629,17629,,10259.36
2022/3/17,18114,18114,,10564.39
2022/3/18,18292,18292,,10682.23
2022/3/22,18708,18708,,10972.49
2022/3/23,19097,19097,,11220.9
2022/3/24,18849,18849,,11107.09
2022/3/25,19279,19279,,11368.95
2022/3/28,19404,19404,,11451.35
2022/3/29,19859,19859,,11735.8
2022/3/30,19821,19821,,11730.71
2022/3/31,19683,19683,,11650.62
2022/4/1,19347,19347,,11447.7
2022/4/4,19447,19447,,11513.61
2022/4/5,19627,19627,,11790.78
2022/4/6,19616,19616,,11799.29
2022/4/7,19367,19367,,11661.49
2022/4/8,19472,19472,,11730.54
2022/4/11,19552,19552,,11783.72
2022/4/12,19366,19366,,11751.6
2022/4/13,19309,19309,,11730.48
2022/4/14,19522,19522,,11866.32
2022/4/15,19406,19406,,11804.71
2022/4/18,19454,19454,,11862.61
2022/4/19,19554,19554,,11923.91
2022/4/20,20191,20191,,12342.98
2022/4/21,19999,19999,,12233.12
2022/4/22,19762,19762,,12100.8
2022/4/25,19239,19239,0,11782
2022/4/26,19167,19167,,11745.8
2022/4/27,18636,18636,,11452.42
2022/4/28,18851,18851,,11600.12
2022/5/2,18798,18798,,11584.49
2022/5/6,18929,18929,,11688.53
2022/5/9,18861,18861,,11849.78
2022/5/10,18154,18154,,11442.76
2022/5/11,18239,18239,,11598.48
2022/5/12,17864,17864,,11384.26
2022/5/13,17727,17727,,11321.65
2022/5/16,18256,18256,,11679.63
2022/5/17,18135,18135,,11621.5
2022/5/18,18506,18506,,11907.7
2022/5/19,17640,17640,,11365.37
2022/5/20,17459,17459,,11264.24
2022/5/23,17452,17452,,11297.62
2022/5/24,17790,17790,,11546.72
2022/5/25,17524,17524,,11397.78
2022/5/26,17763,17763,,11575.24
2022/5/27,18048,18048,,11777.26
2022/5/30,18496,18496,,12081.72
2022/5/31,18669,18669,,12208.56
2022/6/1,18658,18658,,12201.22
2022/6/2,18682,18682,,12248.64
2022/6/3,18995,18995,,12641.05
2022/6/6,18831,18831,,12540.1
2022/6/7,19092,19092,,12718.33
2022/6/8,19358,19358,,12901.28
2022/6/9,19387,19387,,12926.62
2022/6/10,18895,18895,,12684.23
2022/6/13,18452,18452,,12384.95
2022/6/14,17623,17623,,11843.59
2022/6/15,17677,17677,,11898.73
2022/6/16,17842,17842,,12046.43
2022/6/17,17125,17125,,11600.68
2022/6/20,17423,17423,,11828.45
2022/6/21,17417,17417,,11842.83
2022/6/22,18014,18014,,12248.1
2022/6/23,17952,17952,,12251.2
2022/6/24,17994,17994,,12291.2
2022/6/27,18460,18460,,12616.19
2022/6/28,18524,18524,,12674.96
2022/6/29,18240,18240,,12499.67
2022/6/30,18301,18301,,12547.79
2022/7/1,18052,18052,,12378.88
2022/7/4,18107,18107,,12423.55
2022/7/5,18263,18263,,12713.11
2022/7/6,18234,18234,,12692.85
2022/7/7,18325,18325,,12773.3
2022/7/8,18625,18625,,12986.74
2022/7/11,18667,18667,,13024.69
2022/7/12,18556,18556,,13048.31
2022/7/13,18356,18356,,12920.09
2022/7/14,18404,18404,,12962.85
2022/7/15,18476,18476,,13022.57
2022/7/19,18580,18580,,13125.17
2022/7/20,19083,19083,,13497.86
2022/7/21,19243,19243,,13624.87
2022/7/22,19270,19270,,13654
2022/7/25,18992,18992,,13448.88
2022/7/26,18994,18994,,13446.31
2022/7/27,18850,18850,,13363.5
2022/7/28,19242,19242,,13650.99
2022/7/29,19236,19236,,13654.7
2022/8/1,19265,19265,,13685.46
2022/8/2,18917,18917,,13437.63
2022/8/3,19202,19202,,13834.13
2022/8/4,19491,19491,,14053.58
2022/8/5,19384,19384,,13983.97
2022/8/8,19692,19692,,14205.47
2022/8/9,19603,19603,,14146.36
2022/8/10,19572,19572,,14229.06
2022/8/12,19690,19690,,14309.21
2022/8/15,19985,19985,,14538.76
2022/8/16,20097,20097,,14635.84
2022/8/17,20306,20306,,14840.98
2022/8/18,20252,20252,,14802.15
2022/8/19,20512,20512,,14996.3
2022/8/22,20376,20376,,14895.98
2022/8/23,19961,19961,,14599.24
2022/8/24,19862,19862,,14533.3
2022/8/25,19927,19927,,14584.65
2022/8/26,20175,20175,,14784.17
2022/8/29,19722,19722,,14472.63
2022/8/30,19623,19623,,14413.48
2022/8/31,19417,19417,,14282.11
2022/9/1,19394,19394,,14275.53
2022/9/2,19533,19533,,14389.34
2022/9/5,19360,19360,,14453.02
2022/9/6,19349,19349,,14460.5
2022/9/7,19663,19663,,14694.64
2022/9/8,20214,20214,,15131.17
2022/9/9,20255,20255,,15173.48
2022/9/12,20424,20424,,15408.12
2022/9/13,20600,20600,,15540.87
2022/9/14,19979,19979,,15091.74
2022/9/15,19892,19892,,15027.09
2022/9/16,19637,19637,,14867.78
2022/9/20,19653,19653,,14911.63
2022/9/21,19493,19493,,14803.63
2022/9/22,19264,19264,,14660.74
2022/9/26,18710,18710,,14248.49
2022/9/27,18580,18580,,14165.6
2022/9/28,18570,18570,,14197.71
2022/9/29,18885,18885,,14461.18
2022/9/30,18548,18548,,14226.8
2022/10/3,18280,18280,,14045.03
2022/10/4,18731,18731,,14425.93
2022/10/5,19202,19202,,15023.89
2022/10/6,19259,19259,,15119.13
2022/10/7,19100,19100,,15030.46
2022/10/11,18535,18535,,14603.87
2022/10/12,18468,18468,,14566.78
2022/10/13,18501,18501,,14723.43
2022/10/14,19046,19046,,15176.62
2022/10/17,18746,18746,,14958.75
2022/10/18,19277,19277,,15425.22
2022/10/19,19542,19542,,15672.74
2022/10/20,19511,19511,,15661.95
2022/10/21,19393,19393,,15576.26
2022/10/24,19691,19691,,15831.86
2022/10/25,19926,19926,,16031.16
2022/10/26,20140,20140,,16239.54
2022/10/27,19702,19702,,15902.17
2022/10/28,19661,19661,,15877.32
2022/10/31,20365,20365,,16449.03
2022/11/1,20283,20283,,16395.05
2022/11/2,20044,20044,,16213.81
2022/11/4,19433,19433,,15910.68
2022/11/7,19529,19529,,16005.69
2022/11/8,19651,19651,,16124.15
2022/11/9,19660,19660,,16164.64
2022/11/10,19335,19335,,16016.21
2022/11/11,19775,19775,,16389.6
2022/11/14,19638,19638,,16298.53
2022/11/15,19580,19580,,16269.23
2022/11/16,19633,19633,,16333.61
2022/11/17,19468,19468,,16249.69
2022/11/18,19519,19519,,16301.77
2022/11/21,19622,19622,,16400.85
2022/11/22,19790,19790,,16552.41
2022/11/24,19775,19775,,16564.48
2022/11/25,19753,19753,,16557.84
2022/11/28,19747,19747,,16552.1
2022/11/29,19415,19415,,16309.27
2022/11/30,19380,19380,,16301.54
2022/12/1,19728,19728,,16601.25
2022/12/2,19500,19500,,16418.82
2022/12/5,19353,19353,,16518.03
2022/12/6,19264,19264,,16459.42
2022/12/7,19093,19093,,16337.25
2022/12/8,18955,18955,,16231.81
2022/12/9,19153,19153,,16418.9
2022/12/12,18986,18986,,16403.59
2022/12/13,19409,19409,,16785.77
2022/12/14,19219,19219,,16671.8
2022/12/15,19104,19104,,16591.03
2022/12/16,18938,18938,,16457.86
2022/12/19,18522,18522,,16156.39
2022/12/20,18129,18129,,15831.67
2022/12/21,17777,17777,,15550.48
2022/12/22,18113,18113,,15881.21
2022/12/23,17915,17915,,15738.64
2022/12/26,17961,17961,,15809.71
2022/12/27,18084,18084,,15939.25
2022/12/28,18107,18107,,15959.38
2022/12/29,17919,17919,,15858.94
2022/12/30,18035,18035,,15980.17
2023/1/4,17690,17690,,15687.52
2023/1/5,17981,17981,,15954.61
2023/1/6,17987,17987,,16162.26
2023/1/10,18127,18127,,16337.5
2023/1/11,18330,18330,,16533.07
2023/1/12,18508,18508,,16831.62
2023/1/13,18192,18192,,16556.89
2023/1/16,18072,18072,,16459.47
2023/1/17,18149,18149,,16538.74
2023/1/18,18477,18477,,16837.88
2023/1/19,17835,17835,,16325.65
2023/1/20,17731,17731,,16238.27
2023/1/23,18149,18149,,16626.9
2023/1/24,18524,18524,,16993.75
2023/1/25,18508,18508,,16999.38
2023/1/26,18344,18344,,16866.76
2023/1/27,18593,18593,,17107.32
2023/1/30,18714,18714,,17224.89
2023/1/31,18524,18524,,17058.08
2023/2/1,18714,18714,,17246.23
2023/2/2,18706,18706,,17246.37
2023/2/3,19018,19018,,17735.59
2023/2/6,19357,19357,,18065.22
2023/2/7,19266,19266,,17984.68
2023/2/8,19271,19271,,17997.23
2023/2/9,19161,19161,,17893.38
2023/2/10,19004,19004,,17844.2
2023/2/13,19059,19059,,17899.48
2023/2/14,19359,19359,,18197.71
2023/2/15,19424,19424,,18270.76
2023/2/16,19682,19682,,18544.81
2023/2/17,19448,19448,,18337.48
2023/2/20,19404,19404,,18296.61
2023/2/21,19386,19386,,18274.78
2023/2/22,19079,19079,,17985.8
2023/2/24,19051,19051,,17981.22
2023/2/27,19143,19143,,18073.3
2023/2/28,19213,19213,,18163.34
2023/3/1,19167,19167,,18142.35
2023/3/2,19042,19042,,18036.19
2023/3/3,19265,19265,,18449.07
2023/3/6,19467,19467,,18659.12
2023/3/7,19511,19511,,18706.23
2023/3/8,19385,19385,,18593.01
2023/3/9,19378,19378,,18589.86
2023/3/10,18872,18872,,18198.85
2023/3/13,18372,18372,,17717.91
2023/3/14,18190,18190,,17561.84
2023/3/15,18689,18689,,18058.1
2023/3/16,18378,18378,,17775.05
2023/3/17,18735,18735,,18156.44
2023/3/20,18409,18409,,17884.22
2023/3/22,18797,18797,,18273.84
2023/3/23,18262,18262,,17773.73
2023/3/24,18280,18280,,17804.13
2023/3/27,18382,18382,,17916.4
2023/3/28,18413,18413,,17970.95
2023/3/29,18472,18472,,18058.66
2023/3/30,18916,18916,,18506.07
2023/3/31,19167,19167,,18757.09
2023/4/3,19388,19388,,18982.95
2023/4/4,19383,19383,,18982.8
2023/4/5,19120,19120,,18916.1
2023/4/6,19021,19021,,18810.45
2023/4/7,19178,19178,,18968.38
2023/4/10,19300,19300,,19090.64
2023/4/11,19445,19445,,19233.6
2023/4/12,19487,19487,,19394.54
2023/4/13,19340,19340,,19245.27
2023/4/14,19494,19494,,19393.88
2023/4/17,19643,19643,,19566.17
2023/4/18,19793,19793,,19712.27
2023/4/19,19759,19759,,19691
2023/4/20,19874,19874,,19788.68
2023/4/21,19670,19670,,19571.34
2023/4/24,19659,19659,,19564.98
2023/4/25,19707,19707,0,19610.14
2023/4/26,19319,19319,,19235.04
2023/4/27,19233,19233,,19159.67
2023/4/28,19670,19670,,19593.41
2023/5/1,20234,20234,,20162.91
2023/5/2,20349,20349,,20283.23
2023/5/8,19826,19826,,19946.36
2023/5/9,19865,19865,,19976.5
2023/5/10,19749,19749,,19950.28
2023/5/11,19695,19695,,19904.45
2023/5/12,19731,19731,,19954.18
2023/5/15,19911,19911,,20138.75
2023/5/16,19973,19973,,20203.17
2023/5/17,19910,19910,,20155.83
2023/5/18,20317,20317,,20565.43
2023/5/19,20630,20630,,20881.37
2023/5/22,20498,20498,,20768.78
2023/5/23,20616,20616,,20862.78
2023/5/24,20407,20407,,20642.22
2023/5/25,20390,20390,,20619.55
2023/5/26,20621,20621,,20856.14
2023/5/29,21023,21023,,21271.88
2023/5/30,20948,20948,,21201.49
2023/5/31,20875,20875,,21127.44
2023/6/1,20666,20666,,20915.03
2023/6/2,20842,20842,,21095.01
2023/6/5,21327,21327,,21792.58
2023/6/6,21199,21199,,21676.93
2023/6/7,21235,21235,,21726.62
2023/6/8,21229,21229,,21722
2023/6/9,21232,21232,,21731.68
2023/6/12,21300,21300,,21905.19
2023/6/13,21540,21540,,22162.56
2023/6/14,21747,21747,,22414.4
2023/6/15,21819,21819,,22501.47
2023/6/16,22076,22076,,22811.85
2023/6/19,22254,22254,,23020.02
2023/6/20,22295,22295,,23071.99
2023/6/21,22099,22099,,22869.2
2023/6/22,22034,22034,,22824.04
2023/6/23,22304,22304,,23115.45
2023/6/26,22183,22183,,22995.52
2023/6/27,22105,22105,,22920.5
2023/6/28,22395,22395,,23255.82
2023/6/29,22462,22462,,23334.31
2023/6/30,22664,22664,,23557.46
2023/7/3,22867,22867,,23778.36
2023/7/4,22903,22903,,23830.34
2023/7/5,22903,22903,,24065.46
2023/7/6,22842,22842,,24001.48
2023/7/7,22618,22618,,23809.95
2023/7/10,22303,22303,,23488.38
2023/7/11,22188,22188,,23380.85
2023/7/12,22090,22090,,23397.84
2023/7/13,22061,22061,,23377.61
2023/7/14,22147,22147,,23481.87
2023/7/18,22345,22345,,23737.72
2023/7/19,22531,22531,,23947.98
2023/7/20,22691,22691,,24170.27
2023/7/21,22602,22602,,24095.34
2023/7/24,22890,22890,,24425.81
2023/7/25,22942,22942,,24491.63
2023/7/26,22930,22930,,24506.07
2023/7/27,22802,22802,,24387.37
2023/7/28,22526,22526,,24105.26
2023/7/31,22984,22984,,24610.27
2023/8/1,23260,23260,,24931.01
2023/8/2,23326,23326,,25031.3
2023/8/3,23042,23042,,24941.07
2023/8/4,22890,22890,,24792.85
2023/8/7,22582,22582,,24466.69
2023/8/8,23004,23004,,24941.51
2023/8/9,22973,22973,,24942
2023/8/10,22892,22892,,24977.54
2023/8/14,23061,23061,,25173.27
2023/8/15,23273,23273,,25433.65
2023/8/16,23027,23027,,25181.49
2023/8/17,22977,22977,,25172.36
2023/8/18,22682,22682,,24857.99
2023/8/21,22621,22621,,24805.99
2023/8/22,22924,22924,,25142.71
2023/8/23,22774,22774,,25000.22
2023/8/24,22890,22890,,25140.81
2023/8/25,22795,22795,,25049.14
2023/8/28,23001,23001,,25305.38
2023/8/29,23143,23143,,25487.71
2023/8/30,23402,23402,,25802.83
2023/8/31,23519,23519,,25938.6
2023/9/1,23411,23411,,25822.62
2023/9/4,23541,23541,,25978.36
2023/9/5,23587,23587,,26249.19
2023/9/6,23698,23698,,26372.08
2023/9/7,23547,23547,,26252.91
2023/9/8,23327,23327,,26016.51
2023/9/11,23354,23354,,26066.28
2023/9/12,23472,23472,,26327.36
2023/9/13,23434,23434,,26328.58
2023/9/14,23439,23439,,26354.68
2023/9/15,23715,23715,,26679.55
2023/9/19,23462,23462,,26441.34
2023/9/20,23428,23428,,26434.11
2023/9/21,23302,23302,,26321.86
2023/9/22,22803,22803,,25785.06
2023/9/25,22878,22878,,25892.74
2023/9/26,23041,23041,,26093.54
2023/9/27,22722,22722,,25792.57
2023/9/28,22814,22814,,25919.2
2023/9/29,22940,22940,,26084.77
2023/10/2,22911,22911,,26073.84
2023/10/3,22932,22932,,26117.7
2023/10/4,22526,22526,,25902.97
2023/10/5,22644,22644,,26059.88
2023/10/6,22600,22600,,26020.36
2023/10/10,22991,22991,,26496.55
2023/10/11,23120,23120,,26661.68
2023/10/12,23314,23314,,27056.79
2023/10/13,23276,23276,,27037.02
2023/10/16,23107,23107,,26863.4
2023/10/17,23350,23350,,27159.46
2023/10/18,23389,23389,,27272.41
2023/10/19,23079,23079,,26928.95
2023/10/20,22897,22897,,26727.22
2023/10/23,22599,22599,,26386.79
2023/10/24,22542,22542,,26345.84
2023/10/25,22741,22741,,26609.25
2023/10/26,22458,22458,,26307.41
2023/10/27,22207,22207,,26048.12
2023/10/30,22025,22025,,25852.22
2023/10/31,22238,22238,,26121.6
2023/11/1,22677,22677,,26659.33
2023/11/2,22787,22787,,26808.16
2023/11/6,23291,23291,,27641.83
2023/11/7,23400,23400,,27802.14
2023/11/8,23555,23555,,28026.91
2023/11/9,23644,23644,,28131.93
2023/11/10,23511,23511,,28099.37
2023/11/13,23925,23925,,28587.15
2023/11/14,23916,23916,,28589.14
2023/11/15,24197,24197,,28942.94
2023/11/16,24350,24350,,29119.09
2023/11/17,24291,24291,,29114.01
2023/11/20,24191,24191,,28996.2
2023/11/21,24084,24084,,28870.07
2023/11/22,24064,24064,,28862.22
2023/11/24,24370,24370,,29241.45
2023/11/27,24367,24367,,29246.73
2023/11/28,24097,24097,,28942.79
2023/11/29,23924,23924,,28759.19
2023/11/30,23926,23926,,28778.15
2023/12/1,24155,24155,,29063.81
2023/12/4,24055,24055,,28958.75
2023/12/5,24048,24048,,29180.28
2023/12/6,24054,24054,,29218.57
2023/12/7,23946,23946,,29103.27
2023/12/8,23497,23497,,28566.28
2023/12/11,23948,23948,,29128.94
2023/12/12,24121,24121,,29490.05
2023/12/13,24191,24191,,29625.42
2023/12/14,23993,23993,,29401.04
2023/12/15,24063,24063,,29492.77
2023/12/18,24010,24010,,29468.43
2023/12/19,24203,24203,,29752.26
2023/12/20,24575,24575,,30230.21
2023/12/21,24124,24124,,29686.53
2023/12/22,24179,24179,,29768.33
2023/12/25,24198,24198,,29784.83
2023/12/26,24207,24207,,29816.99
2023/12/27,24398,24398,,30052.6
2023/12/28,24272,24272,,29957.89
2023/12/29,24281,24281,,29987.73
2024/1/4,24154,24154,,29853.19
2024/1/5,24342,24342,,30121.3
2024/1/9,24552,24552,,31040.18
2024/1/10,24639,24639,,31269
2024/1/11,24944,24944,,31886.4
2024/1/12,24871,24871,,31877.25
2024/1/15,24865,24865,,31923.77
2024/1/16,24992,24992,,32148.69
2024/1/17,25160,25160,,32364.58
2024/1/18,25159,25159,,32532.43
2024/1/19,25369,25369,,32863.73
2024/1/22,25685,25685,,33353.25
2024/1/23,25732,25732,,33459.68
2024/1/24,25811,25811,,33677.57
2024/1/25,25779,25779,,33695.1
2024/1/26,25888,25888,,33893.51
2024/1/29,25967,25967,,34075.42
2024/1/30,26010,26010,,34181.68
2024/1/31,26026,26026,,34313.76
2024/2/1,25486,25486,,33652.18
2024/2/2,25741,25741,,34048.31
2024/2/5,26421,26421,,35312.28
2024/2/6,26324,26324,,35277.57
2024/2/7,26244,26244,,35259.42
2024/2/8,26509,26509,,35665.85
2024/2/9,26773,26773,,36079.48
2024/2/13,26879,26879,,36418.95
2024/2/14,26743,26743,,36276.65
2024/2/15,26969,26969,,36736.66
2024/2/16,27091,27091,,36957.55
2024/2/19,26922,26922,,36853.8
2024/2/20,26985,26985,,37003.39
2024/2/21,26785,26785,,36728.73
2024/2/22,26889,26889,,37030.94
2024/2/26,27433,27433,,37828.55
2024/2/27,27385,27385,,37813.05
2024/2/28,27403,27403,,37955.82
2024/2/29,27391,27391,,37975.42
2024/3/1,27473,27473,,38143.92
2024/3/4,27652,27652,,38435.54
2024/3/5,27683,27683,,38841.5
2024/3/6,27335,27335,,38484.3
2024/3/7,27288,27288,,38481.69
2024/3/8,27358,27358,,38632.05
2024/3/11,26990,26990,,38167.02
2024/3/12,26964,26964,,38331.18
2024/3/13,27393,27393,,39011.69
2024/3/14,27370,27370,,39006.53
2024/3/15,27466,27466,,39173.91
2024/3/18,27422,27422,,39171.56
2024/3/19,27588,27588,,39472.76
2024/3/21,28277,28277,,40509.83
2024/3/22,28519,28519,,40876.92
2024/3/25,28450,28450,,40837.71
2024/3/26,28344,28344,,40709.77
2024/3/27,28310,28310,,40747.71
2024/3/28,28548,28548,,41140.36
2024/3/29,28559,28559,,41201.61
2024/4/1,28563,28563,,41244.44
2024/4/2,28567,28567,,41250.78
2024/4/3,28332,28332,,41348.87
2024/4/4,28391,28391,,41526.25
2024/4/5,27905,27905,,40860.72
2024/4/8,28366,28366,,41579.77
2024/4/9,28390,28390,,41672.25
2024/4/10,28404,28404,,41962.06
2024/4/11,28356,28356,,41922.61
2024/4/12,28582,28582,,42310.09
2024/4/15,28238,28238,,41827.09
2024/4/16,28072,28072,,41635.48
2024/4/17,28082,28082,,41714.07
2024/4/18,27860,27860,,41405.28
2024/4/19,27854,27854,,41452.55
2024/4/22,27617,27617,,41119.41
2024/4/23,27868,27868,,41502.07
2024/4/24,28203,28203,,42056.57
2024/4/25,28331,28331,0,42287.89
2024/4/26,28243,28243,,42206.91
2024/4/30,28832,28832,,43130.53
2024/5/1,28573,28573,,42770.7
2024/5/2,28145,28145,,42203.7
2024/5/7,28681,28681,,43411.58
2024/5/8,28878,28878,,43785.96
2024/5/9,29008,29008,,44082.79
2024/5/10,29170,29170,,44544.06
2024/5/13,29274,29274,,44726.45
2024/5/14,29339,29339,,44870.98
2024/5/15,29516,29516,,45178.97
2024/5/16,29373,29373,,44979.43
2024/5/17,29629,29629,,45439.99
2024/5/20,29728,29728,,45638.5
2024/5/21,29868,29868,,45899.91
2024/5/22,29912,29912,,46071.87
2024/5/23,29944,29944,,46155.83
2024/5/24,29769,29769,,45920.37
2024/5/27,29922,29922,,46200.06
2024/5/28,29935,29935,,46264.67
2024/5/29,30031,30031,,46412.78
2024/5/30,29851,29851,,46272.94
2024/5/31,29510,29510,,45772.75
2024/6/3,29833,29833,,46306.45
2024/6/4,29734,29734,,46184.77
2024/6/5,29558,29558,,46390.55
2024/6/6,30002,30002,,47132.54
2024/6/7,30002,30002,,47176.88
2024/6/10,30204,30204,,47519.01
2024/6/11,30346,30346,,47776.91
2024/6/12,30404,30404,,48152.12
2024/6/13,30601,30601,,48497.11
2024/6/14,30755,30755,,48782.51
2024/6/17,30793,30793,,48918.03
2024/6/18,31073,31073,,49396.46
2024/6/19,31196,31196,,49719.56
2024/6/20,31235,31235,,49822.48
2024/6/21,31342,31342,,49992.23
2024/6/24,31448,31448,,50262.4
2024/6/25,31290,31290,,50054.18
2024/6/26,31456,31456,,50400.64
2024/6/27,31703,31703,,50865.42
2024/6/28,31789,31789,,51063.74
2024/7/1,31693,31693,,50963.32
2024/7/2,31873,31873,,51319.65
2024/7/3,32052,32052,,52112.56
2024/7/4,32188,32188,,52432.17
2024/7/5,32129,32129,,52393.01
2024/7/8,32228,32228,,52554.45
2024/7/9,32297,32297,,52800.09
2024/7/10,32442,32442,,53365.4
2024/7/11,32813,32813,,54037.3
2024/7/12,32000,32000,,52780.4
2024/7/16,32136,32136,,53061.52
2024/7/17,32363,32363,,53507.29
2024/7/18,31370,31370,,52056.03
2024/7/19,31451,31451,,52279.05
2024/7/22,31237,31237,,51956.6
2024/7/23,31415,31415,,52277.73
2024/7/24,31191,31191,,51953.83
2024/7/25,29979,29979,,49975.58
2024/7/26,29974,29974,,49981.45
2024/7/29,30234,30234,,50380.27
2024/7/30,30322,30322,,50544.83
2024/7/31,29851,29851,,49821.28
2024/8/1,29763,29763,,49703.87
2024/8/2,29337,29337,,49022.8
2024/8/5,28019,28019,,47171.83
2024/8/6,27091,27091,,45592.81
2024/8/7,27759,27759,,46490.79
2024/8/8,27387,27387,,45818.84
2024/8/9,28298,28298,,47411.49
2024/8/13,28377,28377,,47821.51
2024/8/14,28811,28811,,48604.59
2024/8/15,28975,28975,,49007.48
2024/8/16,29798,29798,,50454.85
2024/8/19,29620,29620,,50304.64
2024/8/20,29611,29611,,50365.08
2024/8/21,29382,29382,,50062.18
2024/8/22,29468,29468,,50254.21
2024/8/23,29378,29378,,50120.67
2024/8/26,29165,29165,,49764.68
2024/8/27,29337,29337,,50073.37
2024/8/28,29266,29266,,49997.25
2024/8/29,29144,29144,,49804.11
2024/8/30,29198,29198,,49916.23
2024/9/2,29789,29789,,50940.08
2024/9/3,29977,29977,,51267.03
2024/9/4,28995,28995,,49587.93
2024/9/5,28629,28629,,49420.73
2024/9/6,28435,28435,,49089.92
2024/9/9,27858,27858,,48128.87
2024/9/10,28331,28331,,48962.29
2024/9/11,28178,28178,,48970.33
2024/9/12,28625,28625,,49796.61
2024/9/13,28576,28576,,49730.22
2024/9/17,28618,28618,,49863.91
2024/9/18,28799,28799,,50192.34
2024/9/19,29125,29125,,50843.07
2024/9/20,29440,29440,,51414.13
2024/9/24,29668,29668,,51821.49
2024/9/25,29657,29657,,51846.24
2024/9/26,29866,29866,,52251.13
2024/9/27,30180,30180,,52841.4
2024/9/30,29562,29562,,51778.59
2024/10/1,29974,29974,,52535.82
2024/10/2,29660,29660,,52022.28
2024/10/3,30324,30324,,53591.69
2024/10/4,30192,30192,,53412.7
2024/10/7,30832,30832,,54598.38
2024/10/8,30418,30418,,53876.07
2024/10/9,30786,30786,,54601.01
2024/10/10,31248,31248,,55672.86
2024/10/11,31023,31023,,55292.45
2024/10/15,31673,31673,,56490.44
2024/10/16,31354,31354,,55935.91
2024/10/17,31574,31574,,56397.92
2024/10/18,31673,31673,,56636.43
2024/10/21,31652,31652,,56628.41
2024/10/22,31872,31872,,57051.97
2024/10/23,31990,31990,,57315.58
2024/10/24,31994,31994,,57333.71
2024/10/25,31931,31931,,57225.07
2024/10/28,32191,32191,,57695.74
2024/10/29,32168,32168,,57685.24
2024/10/30,32299,32299,,57964.49
2024/10/31,32262,32262,,57905.82
2024/11/1,31336,31336,,56251.36
2024/11/5,31456,31456,,56488.6
2024/11/6,31931,31931,,57743.83
2024/11/7,33121,33121,,60090.5
2024/11/8,33044,33044,,59998.05
2024/11/11,33175,33175,,60323.12
2024/11/12,33358,33358,,60900.94
2024/11/13,33509,33509,,61253.71
2024/11/14,33691,33691,,61622.7
2024/11/15,33721,33721,,61698.95
2024/11/18,32751,32751,,59944.26
2024/11/19,32911,32911,,60361.93
2024/11/20,33133,33133,,60852.45
2024/11/21,33182,33182,,60990.08
2024/11/22,33232,33232,,61144.26
2024/11/25,33289,33289,,61285.63
2024/11/26,33388,33388,,61496.1
2024/11/27,33284,33284,,61383.56
2024/11/28,32919,32919,,60740.07
2024/11/29,32695,32695,,60357.53
2024/12/2,32768,32768,,60492.89
2024/12/3,32794,32794,,60620.87
2024/12/4,32779,32779,,61027.46
2024/12/5,33103,33103,,61736.08
2024/12/6,32972,32972,,61521.61
2024/12/9,33010,33010,,61648.3
2024/12/10,33182,33182,,62000.02
2024/12/11,33154,33154,,62261.49
2024/12/12,33543,33543,,63058.88
2024/12/13,33498,33498,,63005.43
2024/12/16,33697,33697,,63412.85
2024/12/17,33906,33906,,63875.79
2024/12/18,33659,33659,,63497.37
2024/12/19,32921,32921,,62158.59
2024/12/20,33532,33532,,63333.86
2024/12/23,33634,33634,,63593.19
2024/12/24,34038,34038,,64453.89
2024/12/25,34398,34398,,65193.8
2024/12/26,34409,34409,,65260.29
2024/12/27,34561,34561,,65548.69
2024/12/30,34182,34182,,65154.57
2025/1/6,33928,33928,,64798.61
2025/1/7,34226,34226,,65620.59
2025/1/8,33819,33819,,66297.23
2025/1/9,33944,33944,,66778.18
2025/1/10,33890,33890,,67074.76
2025/1/14,33296,33296,,65898.32
2025/1/15,33443,33443,,66485.46
2025/1/16,33709,33709,,67201
2025/1/17,33378,33378,,66685.66
2025/1/20,33892,33892,,67799.05
2025/1/21,33896,33896,,67908.99
2025/1/22,34073,34073,,68263.86
2025/1/23,34492,34492,,69350.51
2025/1/24,34638,34638,,69703.75
2025/1/27,34381,34381,,69239.22
2025/1/28,33778,33778,,68083.75
2025/1/29,34210,34210,,69115.05
2025/1/30,33849,33849,,68475.43
2025/1/31,33955,33955,,68779.49
2025/2/3,34065,34065,,69063.31
2025/2/4,33730,33730,,68444.98
2025/2/5,33694,33694,,68950.27
2025/2/6,33506,33506,,68637
2025/2/7,33340,33340,,68377.15
2025/2/10,33169,33169,,68074.14
2025/2/12,33693,33693,,69219.59
2025/2/13,33878,33878,,69973.38
2025/2/14,33855,33855,,70012.55
2025/2/17,33659,33659,,69639.68
2025/2/18,33606,33606,,69606.45
2025/2/19,33797,33797,,70001.04
2025/2/20,33652,33652,,69829.49
2025/2/21,33229,33229,,68962.46
2025/2/25,32581,32581,,67661.69
2025/2/26,32147,32147,,66780.01
2025/2/27,32221,32221,,67017.37
2025/2/28,31801,31801,,66178.54
2025/3/3,32500,32500,,67682.11
2025/3/4,31656,31656,,65980.79
2025/3/5,31398,31398,,65975.53
2025/3/6,31617,31617,,66471.92
2025/3/7,30809,30809,,64822.49
2025/3/10,30837,30837,,64911.56
2025/3/11,29868,29868,,62900.81
2025/3/12,29925,29925,,63355.59
2025/3/13,30119,30119,,63770.27
2025/3/14,29711,29711,,62949.87
2025/3/17,30448,30448,,64555.79
2025/3/18,30787,30787,,65305.66
2025/3/19,30493,30493,,64864.48
2025/3/21,30628,30628,,65207.07
2025/3/24,30806,30806,,65626.88
2025/3/25,31590,31590,,67374.04
2025/3/26,31484,31484,,67198.99
2025/3/27,31212,31212,,66685.32
2025/3/28,31218,31218,,66734
2025/3/31,30280,30280,,64755.15
2025/4/1,30512,30512,,65276.68
2025/4/2,30632,30632,,65553.39
2025/4/3,30425,30425,,65472.7
2025/4/4,28603,28603,,61609.87
2025/4/7,26851,26851,,57929.88
2025/4/8,27154,27154,,58586.86
2025/4/9,26296,26296,,56804.6
2025/4/10,29099,29099,,63251.3
2025/4/11,27452,27452,,59751.34
2025/4/14,27889,27889,,60815.18
2025/4/15,28191,28191,,61510.45
2025/4/16,28005,28005,,61252.84
2025/4/17,27301,27301,,59779.96
2025/4/18,27325,27325,,59872.59
2025/4/21,27091,27091,,59413.32
2025/4/22,26401,26401,,57901.61
2025/4/23,27284,27284,,59898.27
2025/4/24,27907,27907,,61282.3
2025/4/25,28502,28502,0,62610.1
2025/4/28,28822,28822,,63342.56
2025/4/30,28788,28788,,63323.47
2025/5/1,28931,28931,,63718.29
2025/5/2,29710,29710,,65474.12
2025/5/7,29124,29124,,64531.78
2025/5/8,29376,29376,,65164.16
2025/5/9,29994,29994,,66709.29
2025/5/12,30006,30006,,67009.11
2025/5/13,31398,31398,,70156.55
2025/5/14,31504,31504,,70487.54
2025/5/15,31313,31313,,70069.8
